{
    "loss": [
        0.5696746029637076,
        0.3208502910353921,
        0.2276762087236751,
        0.17112149704586377,
        0.1390028724616224,
        0.11621689186854796,
        0.1014868671243841,
        0.09150322662158446,
        0.0828106315298514,
        0.07620170644738457,
        0.07259084555235776,
        0.06683036041530696,
        0.06228083744645119,
        0.058220288970253685,
        0.055511860007589515,
        0.05441017482768406,
        0.05221774022687565,
        0.0512765994803472,
        0.04821623252196745,
        0.04571428353136236,
        0.043135239658030594,
        0.04183016548102552,
        0.04042641276663,
        0.039894219149242745,
        0.03961665318770842
    ],
    "iou": [
        0.1947313343879644,
        0.40496311420661185,
        0.4633716359464619,
        0.5268064713966567,
        0.5575938395061224,
        0.5856255650836746,
        0.6059915145130454,
        0.6254929233903529,
        0.6465532387336194,
        0.6608002889727432,
        0.6644123252022199,
        0.6839446615386059,
        0.7033494366488068,
        0.7194166106789924,
        0.7284316682729451,
        0.7295657966769695,
        0.7412832814582061,
        0.7397280933191225,
        0.7574543389112804,
        0.7699779989097931,
        0.7844037838943602,
        0.7926161653478868,
        0.7977116127454855,
        0.7984554904471569,
        0.8009901327258478
    ],
    "f1": [
        0.3171108407459087,
        0.5753974228324127,
        0.6325835906776553,
        0.6897865942425192,
        0.7155909318872651,
        0.7381573331743664,
        0.7545268356752075,
        0.7693153887091612,
        0.7852206142788838,
        0.7956356675359649,
        0.7981556340001345,
        0.8122436464422976,
        0.8257476164008838,
        0.836743576429667,
        0.8427718780462258,
        0.8435718241035485,
        0.8513174724448671,
        0.8500599255630054,
        0.8618649709621745,
        0.8699988208960164,
        0.8791045390533537,
        0.8842567123302718,
        0.8874510917445441,
        0.8878929566611763,
        0.8894649369296243
    ],
    "precision": [
        0.24169844093836598,
        0.5832440182872254,
        0.6889483367264121,
        0.7749994608441111,
        0.7793511001488177,
        0.8073852463872079,
        0.8328672731924063,
        0.8237456321998434,
        0.8325523732495775,
        0.8331301134972886,
        0.8451074249577627,
        0.8580961151703786,
        0.8633450839587731,
        0.8677103601453285,
        0.8695320258577515,
        0.876861456245608,
        0.8610274291806118,
        0.8873798264770028,
        0.8865769566413267,
        0.8823960822293923,
        0.9005956692742116,
        0.9007731079096921,
        0.8973346117333385,
        0.9087556660034021,
        0.9047138459310127
    ],
    "recall": [
        0.6225861372543188,
        0.5745066548906222,
        0.5898063927252445,
        0.6253744567813743,
        0.6661427803973472,
        0.6842608459126006,
        0.691176527622907,
        0.726697583311275,
        0.7443413690444814,
        0.7635264396927878,
        0.7597985605974792,
        0.7717763736244283,
        0.7924192627031619,
        0.8089358194858122,
        0.8192398483040592,
        0.8137295319883054,
        0.8458403044544432,
        0.8212442363407749,
        0.8407555065711511,
        0.8592425319944013,
        0.8592395380701969,
        0.8689298390349045,
        0.8783315011028789,
        0.8692715561221361,
        0.8759518742494095
    ]
}