{
    "loss": [
        0.39016788926991547,
        0.22501856495033612,
        0.1556982316754081,
        0.12105985392223705,
        0.10073602335019545,
        0.08850823478265242,
        0.07946270365606654,
        0.07469454136761752,
        0.06882906468077139,
        0.06486250697211786,
        0.060911544005979194,
        0.057882080362601715,
        0.05523069710894064,
        0.05303235656835816,
        0.052642366086894814,
        0.04921081255782734,
        0.04689407382499088,
        0.04449176449667324,
        0.04487849636511369,
        0.04283703152428974,
        0.04081129722974517,
        0.03940169377760454,
        0.03842010010372509,
        0.03662518547339873,
        0.03560934418981725
    ],
    "iou": [
        0.25337588032082825,
        0.3660921308801862,
        0.5138180052663226,
        0.5538809948412751,
        0.5926713826420659,
        0.6163984093238835,
        0.638529138785201,
        0.647020660822571,
        0.6645768591193283,
        0.6813324433696206,
        0.6968430025412984,
        0.7095479625114373,
        0.7168431673559161,
        0.7257196817203376,
        0.7264390663046375,
        0.7424059581330461,
        0.7540015699037792,
        0.7669903608731964,
        0.7647611426856215,
        0.7746304432962166,
        0.7864854178793655,
        0.7955674054193441,
        0.8022882867028919,
        0.8110841505891776,
        0.8196453559461642
    ],
    "f1": [
        0.3962443936626921,
        0.5323154133891356,
        0.678360104069074,
        0.7125647406290885,
        0.7439054359953933,
        0.7625513538226124,
        0.7792701066415119,
        0.7854275873228996,
        0.7983556479676917,
        0.810371443606022,
        0.8211483528515775,
        0.8299914112033047,
        0.8349924631044867,
        0.8409373117210177,
        0.8414198160871783,
        0.8520795153097147,
        0.8596927274320677,
        0.8680476076676235,
        0.8665517273006209,
        0.8729324498407517,
        0.8804531408977252,
        0.8861034240153516,
        0.8902396572540726,
        0.8956545510574184,
        0.9007930602444922
    ],
    "precision": [
        0.4142173131596298,
        0.791452469119677,
        0.7822900604932229,
        0.7835326671620385,
        0.8030428170323443,
        0.8158781001933195,
        0.8092486637124163,
        0.8184408182220444,
        0.8296593308581066,
        0.8365202118262693,
        0.8433988736671556,
        0.8544278867540693,
        0.8567603401773533,
        0.8588946101975303,
        0.8589111144622564,
        0.8700677739043641,
        0.8751543608569279,
        0.879108583181889,
        0.8846891591355884,
        0.8897504655447054,
        0.8958565420953338,
        0.9036058443336895,
        0.8971222466217827,
        0.9056720329593478,
        0.9029320092748737
    ],
    "recall": [
        0.4546407365604827,
        0.4106769083203199,
        0.5998717398859008,
        0.6573507306226972,
        0.6991604227099436,
        0.717017423865563,
        0.7551792310099686,
        0.7603751618753131,
        0.7733378331405633,
        0.7882675567203027,
        0.8013599711429822,
        0.8078162323750643,
        0.8170412548955692,
        0.8256116681278622,
        0.8273622280091015,
        0.8367172121040812,
        0.8468378353904366,
        0.859188819817878,
        0.8525285280364572,
        0.8587042820201507,
        0.8665936894597731,
        0.8697670935976017,
        0.8854354745595736,
        0.8867681649182497,
        0.9008162235100887
    ]
}